benchmark,reward,walltime,commandline
benchmark://cbench-v1/adpcm,0.9999999999999998,3.3471643924713135,opt -sroa -simplifycfg -early-cse-memssa -instcombine -sroa -newgvn -jump-threading input.bc -o output.bc
benchmark://cbench-v1/adpcm,0.9999999999999998,3.305574417114258,opt -sroa -simplifycfg -loop-reroll -early-cse-memssa -instcombine -sroa -newgvn -simplifycfg input.bc -o output.bc
benchmark://cbench-v1/adpcm,0.9999999999999998,3.324244499206543,opt -sroa -simplifycfg -early-cse-memssa -instcombine -lcssa -newgvn -sroa -jump-threading input.bc -o output.bc
benchmark://cbench-v1/adpcm,0.9999999999999998,3.299079656600952,opt -sroa -simplifycfg -loop-predication -early-cse-memssa -instcombine -sroa -newgvn -simplifycfg input.bc -o output.bc
benchmark://cbench-v1/adpcm,0.9999999999999998,3.377950668334961,opt -sroa -simplifycfg -early-cse-memssa -instcombine -sroa -newgvn -jump-threading input.bc -o output.bc
benchmark://cbench-v1/adpcm,0.9999999999999998,3.3638758659362793,opt -sroa -simplifycfg -early-cse-memssa -instcombine -sroa -newgvn -jump-threading input.bc -o output.bc
benchmark://cbench-v1/adpcm,0.9999999999999998,3.332183361053467,opt -sroa -simplifycfg -early-cse-memssa -instcombine -sroa -newgvn -jump-threading input.bc -o output.bc
benchmark://cbench-v1/adpcm,0.9999999999999998,3.319218873977661,opt -sroa -simplifycfg -early-cse-memssa -instcombine -sroa -newgvn -jump-threading input.bc -o output.bc
benchmark://cbench-v1/adpcm,0.9999999999999998,3.2783472537994385,opt -sroa -simplifycfg -early-cse-memssa -instcombine -sroa -newgvn -jump-threading input.bc -o output.bc
benchmark://cbench-v1/adpcm,0.9999999999999998,3.307706356048584,opt -sroa -simplifycfg -early-cse-memssa -instcombine -forceattrs -sroa -newgvn -jump-threading input.bc -o output.bc
benchmark://cbench-v1/bitcount,1.0140845070422535,3.8666810989379883,opt -mem2reg -instcombine -simplifycfg -newgvn -sroa -instcombine -tailcallelim input.bc -o output.bc
benchmark://cbench-v1/bitcount,1.0140845070422535,3.8608546257019043,opt -mem2reg -instcombine -simplifycfg -newgvn -sroa -instcombine -tailcallelim input.bc -o output.bc
benchmark://cbench-v1/bitcount,1.0140845070422535,3.8102853298187256,opt -loop-unroll-and-jam -mem2reg -instcombine -simplifycfg -newgvn -sroa -globalopt -instcombine -gvn-hoist -tailcallelim input.bc -o output.bc
benchmark://cbench-v1/bitcount,1.0140845070422535,3.8933515548706055,opt -mem2reg -instcombine -simplifycfg -coro-split -newgvn -sroa -instcombine -tailcallelim input.bc -o output.bc
benchmark://cbench-v1/bitcount,1.0140845070422535,2.9114677906036377,opt -instcombine -sroa -instcombine -simplifycfg -newgvn -tailcallelim -lowerinvoke -mldst-motion input.bc -o output.bc
benchmark://cbench-v1/bitcount,1.0140845070422535,3.836970090866089,opt -mem2reg -instcombine -coro-split -simplifycfg -newgvn -sroa -instcombine -tailcallelim input.bc -o output.bc
benchmark://cbench-v1/bitcount,1.0140845070422535,3.8814189434051514,opt -mem2reg -instcombine -simplifycfg -newgvn -sroa -instcombine -tailcallelim input.bc -o output.bc
benchmark://cbench-v1/bitcount,1.0140845070422535,3.8782660961151123,opt -ipconstprop -mem2reg -instcombine -simplifycfg -newgvn -mldst-motion -sroa -instcombine -tailcallelim input.bc -o output.bc
benchmark://cbench-v1/bitcount,1.0140845070422535,3.8800272941589355,opt -mem2reg -instcombine -simplifycfg -newgvn -sroa -instcombine -tailcallelim input.bc -o output.bc
benchmark://cbench-v1/bitcount,1.0140845070422535,3.846477508544922,opt -mem2reg -instcombine -simplifycfg -newgvn -sroa -instcombine -tailcallelim input.bc -o output.bc
benchmark://cbench-v1/blowfish,1.0232690124858117,8.110476970672607,opt -sroa -instcombine -newgvn -simplifycfg -loop-rotate -simplifycfg -instcombine -tailcallelim -dse -simplifycfg -load-store-vectorizer -instcombine -newgvn input.bc -o output.bc
benchmark://cbench-v1/blowfish,1.0351872871736663,7.367157936096191,opt -sroa -instcombine -loop-simplify -newgvn -simplifycfg -instcombine -dse -strip-nondebug -simplifycfg -load-store-vectorizer -instcombine -newgvn input.bc -o output.bc
benchmark://cbench-v1/blowfish,1.0351872871736663,7.363828420639038,opt -sroa -instcombine -newgvn -lower-constant-intrinsics -simplifycfg -instcombine -dse -simplifycfg -load-store-vectorizer -instcombine -newgvn input.bc -o output.bc
benchmark://cbench-v1/blowfish,1.0351872871736663,7.39405083656311,opt -sroa -instcombine -newgvn -simplifycfg -instcombine -dse -simplifycfg -load-store-vectorizer -instcombine -newgvn input.bc -o output.bc
benchmark://cbench-v1/blowfish,1.0351872871736663,7.37799596786499,opt -sroa -instcombine -newgvn -simplifycfg -instcombine -dse -simplifycfg -load-store-vectorizer -instcombine -newgvn input.bc -o output.bc
benchmark://cbench-v1/blowfish,1.0351872871736663,7.371485710144043,opt -sroa -instcombine -newgvn -simplifycfg -instcombine -dse -simplifycfg -load-store-vectorizer -instcombine -newgvn input.bc -o output.bc
benchmark://cbench-v1/blowfish,1.0351872871736663,7.369072198867798,opt -sroa -instcombine -newgvn -simplifycfg -instcombine -dse -simplifycfg -load-store-vectorizer -instcombine -newgvn input.bc -o output.bc
benchmark://cbench-v1/blowfish,1.0351872871736663,7.314395189285278,opt -sroa -instcombine -newgvn -simplifycfg -instcombine -dse -simplifycfg -load-store-vectorizer -instcombine -newgvn input.bc -o output.bc
benchmark://cbench-v1/blowfish,1.0351872871736663,7.367866277694702,opt -sroa -attributor -instcombine -newgvn -simplifycfg -instcombine -dse -simplifycfg -load-store-vectorizer -instcombine -ipsccp -newgvn input.bc -o output.bc
benchmark://cbench-v1/blowfish,1.0351872871736663,7.394887208938599,opt -sroa -instcombine -newgvn -simplifycfg -instcombine -dse -simplifycfg -constprop -load-store-vectorizer -instcombine -newgvn input.bc -o output.bc
benchmark://cbench-v1/bzip2,1.0302307692307697,61.19139552116394,opt -sroa -gvn -simplifycfg -irce -instcombine -nary-reassociate -simplifycfg -newgvn -ipsccp -memcpyopt -instcombine -redundant-dbg-inst-elim -gvn-hoist -loop-versioning -jump-threading -early-cse-memssa -constmerge -dse -mergefunc -gvn-hoist -prune-eh -simplifycfg -mldst-motion -tailcallelim -newgvn -jump-threading input.bc -o output.bc
benchmark://cbench-v1/bzip2,1.0321538461538464,59.12892007827759,opt -sroa -gvn -simplifycfg -instcombine -nary-reassociate -ipsccp -newgvn -simplifycfg -memcpyopt -instcombine -gvn-hoist -jump-threading -early-cse-memssa -dse -mergefunc -memcpyopt -prune-eh -simplifycfg -mldst-motion -tailcallelim -newgvn -jump-threading input.bc -o output.bc
benchmark://cbench-v1/bzip2,1.0301538461538464,64.346684217453,opt -sroa -insert-gcov-profiling -gvn -simplifycfg -instcombine -nary-reassociate -ipsccp -newgvn -simplifycfg -memcpyopt -instcombine -globaldce -loop-guard-widening -newgvn -simplifycfg -gvn-hoist -jump-threading -early-cse-memssa -dse -mergefunc -lowerinvoke -prune-eh -simplifycfg -mldst-motion -tailcallelim -newgvn -jump-threading input.bc -o output.bc
benchmark://cbench-v1/bzip2,1.0302307692307695,57.54291582107544,opt -sroa -gvn -loop-deletion -simplifycfg -instcombine -nary-reassociate -simplifycfg -newgvn -ipsccp -memcpyopt -strip -instcombine -gvn-hoist -jump-threading -early-cse-memssa -dse -mergefunc -gvn-hoist -prune-eh -simplifycfg -tailcallelim -newgvn -jump-threading input.bc -o output.bc
benchmark://cbench-v1/bzip2,1.0303076923076924,59.354525327682495,opt -sroa -gvn -simplifycfg -instcombine -nary-reassociate -ipsccp -gvn -simplifycfg -memcpyopt -tailcallelim -loop-versioning-licm -instcombine -simplifycfg -loop-predication -name-anon-globals -newgvn -simplifycfg -gvn-hoist -jump-threading -early-cse-memssa -dse -mergefunc -prune-eh -simplifycfg -name-anon-globals -newgvn -mldst-motion input.bc -o output.bc
benchmark://cbench-v1/bzip2,1.0406153846153852,71.96076917648315,opt -sroa -gvn -simplifycfg -instcombine -nary-reassociate -ipsccp -newgvn -simplifycfg -memcpyopt -functionattrs -newgvn -gvn-hoist -jump-threading -early-cse-memssa -dse -mergefunc -instcombine -simplifycfg -loop-distribute -prune-eh -simplifycfg -mldst-motion -instnamer -globalopt -gvn-hoist -tailcallelim -simplifycfg -newgvn input.bc -o output.bc
benchmark://cbench-v1/bzip2,1.0301538461538464,64.51102471351624,opt -sroa -gvn -post-inline-ee-instrument -simplifycfg -instcombine -nary-reassociate -ipsccp -newgvn -simplifycfg -memcpyopt -instcombine -loop-load-elim -irce -newgvn -simplifycfg -gvn-hoist -jump-threading -early-cse-memssa -lower-widenable-condition -dse -mergefunc -prune-eh -simplifycfg -mldst-motion -tailcallelim -newgvn -jump-threading input.bc -o output.bc
benchmark://cbench-v1/bzip2,1.0301538461538464,60.58538103103638,opt -sroa -gvn -simplifycfg -instcombine -nary-reassociate -guard-widening -ipsccp -newgvn -simplifycfg -memcpyopt -instcombine -gvn-hoist -jump-threading -early-cse-memssa -dse -mergefunc -prune-eh -simplifycfg -mldst-motion -loop-simplify -simplifycfg -tailcallelim -newgvn -jump-threading input.bc -o output.bc
benchmark://cbench-v1/bzip2,1.0394615384615389,69.45560908317566,opt -sroa -gvn -simplifycfg -slsr -coro-early -instcombine -nary-reassociate -ipsccp -jump-threading -early-cse-memssa -memcpyopt -instcombine -gvn-hoist -functionattrs -newgvn -simplifycfg -dse -loweratomic -mergefunc -instcombine -gvn-hoist -prune-eh -simplifycfg -lower-widenable-condition -newgvn -mldst-motion -globalopt -gvn-hoist -tailcallelim -simplifycfg input.bc -o output.bc
benchmark://cbench-v1/bzip2,1.0321538461538464,57.45151472091675,opt -sroa -gvn -simplifycfg -instcombine -nary-reassociate -ipsccp -newgvn -hotcoldsplit -simplifycfg -memcpyopt -instcombine -gvn-hoist -jump-threading -early-cse-memssa -dse -ipconstprop -mergefunc -prune-eh -simplifycfg -mldst-motion -tailcallelim -newgvn -jump-threading input.bc -o output.bc
benchmark://cbench-v1/crc32,1.0,2.325608015060425,opt -sroa -gvn -simplifycfg -instcombine input.bc -o output.bc
benchmark://cbench-v1/crc32,1.0,2.3096039295196533,opt -sroa -gvn -simplifycfg -instcombine input.bc -o output.bc
benchmark://cbench-v1/crc32,1.0,2.311483860015869,opt -sroa -libcalls-shrinkwrap -gvn -simplifycfg -instcombine input.bc -o output.bc
benchmark://cbench-v1/crc32,1.0,2.306170701980591,opt -sroa -gvn -simplifycfg -instcombine input.bc -o output.bc
benchmark://cbench-v1/crc32,1.0,2.30281925201416,opt -sroa -gvn -simplifycfg -instcombine input.bc -o output.bc
benchmark://cbench-v1/crc32,1.0,2.323596954345703,opt -sroa -gvn -simplifycfg -instcombine input.bc -o output.bc
benchmark://cbench-v1/crc32,1.0,2.3132190704345703,opt -sroa -gvn -simplifycfg -instcombine input.bc -o output.bc
benchmark://cbench-v1/crc32,1.0,2.3064634799957275,opt -sroa -gvn -simplifycfg -instcombine input.bc -o output.bc
benchmark://cbench-v1/crc32,1.0,2.2902536392211914,opt -sroa -gvn -simplifycfg -instcombine -flattencfg input.bc -o output.bc
benchmark://cbench-v1/crc32,1.0,2.332601547241211,opt -mergereturn -sroa -gvn -simplifycfg -instcombine input.bc -o output.bc
benchmark://cbench-v1/dijkstra,1.0193548387096774,3.082825183868408,opt -sroa -newgvn -simplifycfg -instcombine -gvn-hoist input.bc -o output.bc
benchmark://cbench-v1/dijkstra,1.0193548387096774,3.0587315559387207,opt -sroa -newgvn -simplifycfg -instcombine -gvn-hoist input.bc -o output.bc
benchmark://cbench-v1/dijkstra,1.0193548387096774,3.0633692741394043,opt -sroa -newgvn -simplifycfg -instcombine -gvn-hoist input.bc -o output.bc
benchmark://cbench-v1/dijkstra,1.0193548387096774,3.0405640602111816,opt -sroa -newgvn -simplifycfg -instcombine -gvn-hoist input.bc -o output.bc
benchmark://cbench-v1/dijkstra,1.0193548387096774,3.0435636043548584,opt -sroa -newgvn -simplifycfg -instcombine -gvn-hoist input.bc -o output.bc
benchmark://cbench-v1/dijkstra,1.0193548387096774,3.050528049468994,opt -sroa -newgvn -simplifycfg -instcombine -gvn-hoist input.bc -o output.bc
benchmark://cbench-v1/dijkstra,1.0193548387096774,3.0575389862060547,opt -sroa -newgvn -simplifycfg -instcombine -loweratomic -gvn-hoist -partial-inliner input.bc -o output.bc
benchmark://cbench-v1/dijkstra,1.0193548387096774,3.0271060466766357,opt -sroa -newgvn -simplifycfg -instcombine -gvn-hoist input.bc -o output.bc
benchmark://cbench-v1/dijkstra,1.0193548387096774,3.0591702461242676,opt -sroa -newgvn -simplifycfg -instcombine -gvn-hoist input.bc -o output.bc
benchmark://cbench-v1/dijkstra,0.935483870967742,4.069051742553711,opt -speculative-execution -sroa -newgvn -simplifycfg -instcombine -gvn-hoist -loop-rotate -simplifycfg -newgvn input.bc -o output.bc
benchmark://cbench-v1/ghostscript,1.0023535801575092,1957.73517537117,opt -sroa -gvn -simplifycfg -instcombine -newgvn -simplifycfg -gvn-hoist -mergefunc -newgvn -ipsccp -simplifycfg -mldst-motion -instcombine -memcpyopt -instcombine -simplifycfg -dse -sroa -instcombine -ipsccp -newgvn -nary-reassociate -barrier -slp-vectorizer -instcombine -gvn-hoist -bdce -globaldce -early-cse-memssa -slp-vectorizer -mldst-motion -simplifycfg -deadargelim -bdce -dse -prune-eh -mldst-motion -slsr -newgvn -mldst-motion -mergefunc -instcombine -simplifycfg input.bc -o output.bc
benchmark://cbench-v1/ghostscript,1.001570828385668,1778.0900359153748,opt -sroa -gvn -simplifycfg -instcombine -newgvn -simplifycfg -gvn-hoist -mergefunc -newgvn -ipsccp -simplifycfg -coro-cleanup -mldst-motion -instcombine -memcpyopt -coro-elide -instcombine -simplifycfg -dse -sroa -instcombine -ipsccp -newgvn -nary-reassociate -slp-vectorizer -mergereturn -instcombine -simplifycfg -gvn-hoist -bdce -globaldce -early-cse-memssa -slp-vectorizer -mldst-motion -dse -prune-eh -simplifycfg -strip -newgvn -mldst-motion -slsr -newgvn -mldst-motion input.bc -o output.bc
benchmark://cbench-v1/ghostscript,1.002332280789568,2109.468429327011,opt -sroa -gvn -simplifycfg -instcombine -newgvn -loop-data-prefetch -simplifycfg -aggressive-instcombine -gvn-hoist -mergefunc -newgvn -ipsccp -simplifycfg -mldst-motion -instcombine -memcpyopt -instcombine -simplifycfg -dse -newgvn -instcombine -ipsccp -nary-reassociate -slp-vectorizer -instcombine -gvn-hoist -sroa -inline -globaldce -gvn -bdce -deadargelim -instcombine -simplifycfg -newgvn -slp-vectorizer -mldst-motion -gvn-hoist -early-cse-memssa -simplifycfg -bdce -dse -prune-eh -inferattrs -mldst-motion -slsr -newgvn -mldst-motion -mergefunc -instcombine -simplifycfg input.bc -o output.bc
benchmark://cbench-v1/ghostscript,1.0021885100559647,2090.4159104824066,opt -sroa -gvn -simplifycfg -instcombine -newgvn -simplifycfg -gvn-hoist -mergefunc -newgvn -ipsccp -simplifycfg -mldst-motion -instcombine -memcpyopt -instcombine -simplifycfg -dse -sroa -instcombine -ipsccp -load-store-vectorizer -instcombine -newgvn -slp-vectorizer -instcombine -gvn-hoist -simplifycfg -nary-reassociate -globaldce -loop-interchange -instcombine -hotcoldsplit -simplifycfg -early-cse-memssa -bdce -mergefunc -mldst-motion -dse -simplifycfg -prune-eh -newgvn -globaldce -gvn-hoist -mldst-motion -slsr -newgvn -mldst-motion input.bc -o output.bc
benchmark://cbench-v1/ghostscript,1.007662447616867,3265.486672401428,opt -sroa -gvn -simplifycfg -instcombine -newgvn -simplifycfg -gvn-hoist -mergefunc -newgvn -ipsccp -simplifycfg -mldst-motion -instcombine -memcpyopt -instcombine -simplifycfg -dse -sroa -instcombine -ipsccp -newgvn -nary-reassociate -slp-vectorizer -lower-matrix-intrinsics -instcombine -gvn-hoist -bdce -globaldce -early-cse-memssa -slp-vectorizer -mldst-motion -instnamer -simplifycfg -dse -prune-eh -newgvn -speculative-execution -newgvn -simplifycfg -gvn-hoist -instcombine -simplifycfg -newgvn -mldst-motion -simplifycfg -licm -newgvn -simplifycfg -gvn-hoist -dce -instcombine -simplifycfg -newgvn -float2int -nary-reassociate -correlated-propagation -insert-gcov-profiling -instcombine -scalarizer -instcombine -slp-vectorizer -instcombine -slp-vectorizer -newgvn -gvn-hoist -instcombine -slsr -newgvn -mldst-motion input.bc -o output.bc
benchmark://cbench-v1/ghostscript,1.0016453761734625,1860.8326251506805,opt -sroa -gvn -simplifycfg -instcombine -partially-inline-libcalls -newgvn -simplifycfg -gvn-hoist -mergefunc -tailcallelim -newgvn -ipsccp -simplifycfg -mldst-motion -instcombine -memcpyopt -instcombine -simplifycfg -dse -sroa -instcombine -ipsccp -newgvn -nary-reassociate -slp-vectorizer -instcombine -gvn-hoist -bdce -globaldce -early-cse-memssa -slp-vectorizer -mldst-motion -loop-distribute -simplifycfg -dse -prune-eh -flattencfg -newgvn -mldst-motion -slsr -newgvn -mldst-motion input.bc -o output.bc
benchmark://cbench-v1/ghostscript,1.0000692229458097,1986.2773809432983,opt -loweratomic -sroa -gvn -simplifycfg -instcombine -newgvn -simplifycfg -gvn-hoist -mergefunc -newgvn -ipsccp -simplifycfg -mldst-motion -instcombine -memcpyopt -instcombine -scalarizer -simplifycfg -dse -sroa -instcombine -ipsccp -newgvn -nary-reassociate -slp-vectorizer -instcombine -gvn-hoist -bdce -globaldce -loop-idiom -instcombine -lower-guard-intrinsic -simplifycfg -early-cse-memssa -slp-vectorizer -partially-inline-libcalls -mldst-motion -dse -prune-eh -simplifycfg -newgvn -mldst-motion -instsimplify -slsr -newgvn -pgo-memop-opt -mldst-motion -gvn-hoist input.bc -o output.bc
benchmark://cbench-v1/ghostscript,0.9779125554449174,2321.2995405197144,opt -sroa -gvn -simplifycfg -instcombine -newgvn -simplifycfg -gvn-hoist -mergefunc -newgvn -ipsccp -lowerswitch -simplifycfg -instcombine -simplifycfg -mldst-motion -memcpyopt -instcombine -simplifycfg -dse -gvn-hoist -newgvn -instcombine -ipsccp -nary-reassociate -slp-vectorizer -instcombine -gvn-hoist -sroa -globaldce -bdce -early-cse-memssa -slp-vectorizer -dse -instcombine -simplifycfg -prune-eh -mldst-motion -mldst-motion -slsr -newgvn -newgvn -loop-instsimplify -instcombine -simplifycfg -ee-instrument -newgvn -newgvn -mldst-motion -gvn-hoist -newgvn input.bc -o output.bc
benchmark://cbench-v1/ghostscript,0.9965228781835901,2097.893942117691,opt -sroa -gvn -simplifycfg -instcombine -newgvn -simplifycfg -gvn-hoist -mergefunc -newgvn -ipsccp -simplifycfg -mldst-motion -instcombine -memcpyopt -instcombine -simplifycfg -dse -sroa -globalsplit -instcombine -loop-reduce -licm -newgvn -simplifycfg -instcombine -jump-threading -infer-address-spaces -newgvn -gvn-hoist -bdce -ipsccp -simplifycfg -instcombine -aggressive-instcombine -nary-reassociate -correlated-propagation -instcombine -loop-reroll -instcombine -simplifycfg -globaldce -dse -newgvn -mldst-motion -prune-eh -early-cse-memssa -mldst-motion -simplifycfg -gvn-hoist -slsr -newgvn -nary-reassociate input.bc -o output.bc
benchmark://cbench-v1/ghostscript,1.0000798726297802,1923.4439957141876,opt -sroa -gvn -simplifycfg -instcombine -newgvn -simplifycfg -gvn-hoist -mergefunc -newgvn -ipsccp -loop-simplifycfg -instcombine -simplifycfg -mldst-motion -memcpyopt -instcombine -simplifycfg -dse -ipsccp -newgvn -instcombine -nary-reassociate -slp-vectorizer -instcombine -gvn-hoist -sroa -globaldce -bdce -newgvn -add-discriminators -slp-vectorizer -dse -prune-eh -mldst-motion -instcombine -simplifycfg -mldst-motion -partial-inliner -early-cse-memssa -slsr -newgvn -mldst-motion input.bc -o output.bc
benchmark://cbench-v1/gsm,1.1495167708925527,37.8730034828186,opt -sroa -instcombine -simplifycfg -forceattrs -newgvn -slp-vectorizer -early-cse-memssa -instcombine -load-store-vectorizer -instcombine -slp-vectorizer -instcombine -jump-threading -rpo-functionattrs -newgvn -simplifycfg -dse -ipsccp -instcombine -mergefunc -simplifycfg -nary-reassociate -gvn-hoist -prune-eh -simplifycfg input.bc -o output.bc
benchmark://cbench-v1/gsm,1.1381466742467308,43.94974994659424,opt -sroa -instcombine -simplifycfg -newgvn -slp-vectorizer -instcombine -load-store-vectorizer -instcombine -slp-vectorizer -instcombine -jump-threading -loop-reduce -simplifycfg -instcombine -newgvn -dse -ipsccp -instcombine -jump-threading -nary-reassociate -gvn-hoist -prune-eh -scalarizer -instcombine -slp-vectorizer -instcombine -simplifycfg input.bc -o output.bc
benchmark://cbench-v1/gsm,1.1495167708925527,38.894811391830444,opt -sroa -instcombine -simplifycfg -newgvn -slp-vectorizer -instcombine -load-store-vectorizer -instcombine -slp-vectorizer -instcombine -jump-threading -newgvn -simplifycfg -dse -ipsccp -instcombine -simplifycfg -nary-reassociate -gvn-hoist -prune-eh -simplifycfg input.bc -o output.bc
benchmark://cbench-v1/gsm,1.1496588971006254,41.75011491775513,opt -sroa -instcombine -simplifycfg -newgvn -slp-vectorizer -loop-unroll-and-jam -instcombine -load-store-vectorizer -instcombine -slp-vectorizer -simplifycfg -instcombine -jump-threading -newgvn -loop-sink -name-anon-globals -post-inline-ee-instrument -simplifycfg -newgvn -dse -ipsccp -instcombine -simplifycfg -nary-reassociate -gvn-hoist -prune-eh -simplifycfg input.bc -o output.bc
benchmark://cbench-v1/gsm,1.1509380329732803,37.99203038215637,opt -sroa -instcombine -simplifycfg -functionattrs -newgvn -slp-vectorizer -instcombine -load-store-vectorizer -instcombine -slp-vectorizer -instcombine -jump-threading -newgvn -simplifycfg -ipsccp -instcombine -dse -simplifycfg -nary-reassociate -gvn-hoist -prune-eh -simplifycfg input.bc -o output.bc
benchmark://cbench-v1/gsm,1.1468163729391696,42.09191536903381,opt -sroa -instcombine -simplifycfg -newgvn -slp-vectorizer -instcombine -load-store-vectorizer -lower-guard-intrinsic -instcombine -slp-vectorizer -loop-idiom -loop-idiom -instcombine -simplifycfg -jump-threading -newgvn -reassociate -dse -callsite-splitting -ipsccp -scalarizer -instcombine -slp-vectorizer -instcombine -simplifycfg -nary-reassociate -gvn-hoist -prune-eh -simplifycfg input.bc -o output.bc
benchmark://cbench-v1/gsm,1.1495167708925527,38.51568388938904,opt -lower-matrix-intrinsics -sroa -instcombine -simplifycfg -newgvn -slp-vectorizer -instcombine -load-store-vectorizer -instcombine -mergeicmps -slp-vectorizer -instcombine -jump-threading -newgvn -simplifycfg -lower-expect -callsite-splitting -dse -ipsccp -instcombine -simplifycfg -nary-reassociate -gvn-hoist -prune-eh -always-inline -simplifycfg -hotcoldsplit input.bc -o output.bc
benchmark://cbench-v1/gsm,1.1495167708925529,42.394848585128784,opt -sroa -instcombine -simplifycfg -newgvn -slp-vectorizer -instcombine -load-store-vectorizer -instcombine -slp-vectorizer -instcombine -jump-threading -newgvn -simplifycfg -dse -ipsccp -lower-constant-intrinsics -instcombine -simplifycfg -nary-reassociate -gvn-hoist -prune-eh -simplifycfg -loop-reroll -simplifycfg -newgvn input.bc -o output.bc
benchmark://cbench-v1/gsm,1.1496588971006252,38.50854277610779,opt -sroa -instcombine -simplifycfg -loop-vectorize -partial-inliner -newgvn -slp-vectorizer -instcombine -load-store-vectorizer -instcombine -slp-vectorizer -simplifycfg -instcombine -jump-threading -reassociate -newgvn -dse -ipsccp -instcombine -simplifycfg -nary-reassociate -gvn-hoist -prune-eh -simplifycfg input.bc -o output.bc
benchmark://cbench-v1/gsm,1.1495167708925529,40.232659101486206,opt -sroa -instcombine -simplifycfg -newgvn -slp-vectorizer -instcombine -load-store-vectorizer -instcombine -slp-vectorizer -instcombine -jump-threading -newgvn -simplifycfg -dse -ipsccp -loop-deletion -simplifycfg -instcombine -dse -simplifycfg -nary-reassociate -gvn-hoist -redundant-dbg-inst-elim -prune-eh -simplifycfg input.bc -o output.bc
benchmark://cbench-v1/ispell,0.9484346224677719,61.475505352020264,opt -sroa -newgvn -simplifycfg -instcombine -simplifycfg -newgvn -simplifycfg -lowerswitch -simplifycfg -instcombine -simplifycfg -gvn-hoist -newgvn -ipsccp -lcssa -newgvn -strip-dead-prototypes -simplifycfg -newgvn -dse -nary-reassociate -memcpyopt -redundant-dbg-inst-elim -newgvn -mldst-motion -correlated-propagation -simplifycfg input.bc -o output.bc
benchmark://cbench-v1/ispell,1.0005022601707687,58.671817779541016,opt -sroa -newgvn -simplifycfg -instcombine -simplifycfg -newgvn -simplifycfg -gvn-hoist -instcombine -ipsccp -newgvn -jump-threading -newgvn -dse -nary-reassociate -memcpyopt -newgvn -correlated-propagation -simplifycfg -called-value-propagation -newgvn -mldst-motion -jump-threading input.bc -o output.bc
benchmark://cbench-v1/ispell,1.0006696802276915,58.156036138534546,opt -sroa -newgvn -simplifycfg -instcombine -simplifycfg -newgvn -simplifycfg -gvn-hoist -instcombine -ipsccp -newgvn -jump-threading -loop-load-elim -simplifycfg -newgvn -dse -nary-reassociate -memcpyopt -newgvn -correlated-propagation -newgvn -mldst-motion -jump-threading input.bc -o output.bc
benchmark://cbench-v1/ispell,1.0005022601707687,57.86407923698425,opt -sroa -newgvn -simplifycfg -instcombine -simplifycfg -newgvn -sroa -simplifycfg -gvn-hoist -instcombine -ipsccp -newgvn -jump-threading -newgvn -dse -nary-reassociate -memcpyopt -newgvn -correlated-propagation -simplifycfg -newgvn -mldst-motion -jump-threading input.bc -o output.bc
benchmark://cbench-v1/ispell,0.9487694625816174,56.39859914779663,opt -lower-matrix-intrinsics -sroa -newgvn -simplifycfg -instcombine -simplifycfg -newgvn -simplifycfg -slsr -gvn-hoist -dse -lowerswitch -simplifycfg -instcombine -simplifycfg -ipsccp -rpo-functionattrs -newgvn -simplifycfg -newgvn -nary-reassociate -memcpyopt -newgvn -mldst-motion -correlated-propagation -simplifycfg input.bc -o output.bc
benchmark://cbench-v1/ispell,1.0005022601707687,57.664350748062134,opt -consthoist -sroa -newgvn -simplifycfg -instcombine -adce -simplifycfg -newgvn -simplifycfg -gvn-hoist -instcombine -ipsccp -newgvn -jump-threading -newgvn -dse -nary-reassociate -memcpyopt -newgvn -correlated-propagation -simplifycfg -newgvn -mldst-motion -jump-threading input.bc -o output.bc
benchmark://cbench-v1/ispell,0.9810815335677215,58.025816679000854,opt -gvn -instcombine -simplifycfg -coro-early -sroa -partial-inliner -newgvn -instcombine -simplifycfg -jump-threading -newgvn -gvn-hoist -dse -newgvn -ipsccp -irce -attributor -simplifycfg -newgvn -simplifycfg -nary-reassociate -memcpyopt -prune-eh -newgvn -mldst-motion -simplifycfg -correlated-propagation input.bc -o output.bc
benchmark://cbench-v1/ispell,1.0005022601707687,58.73056602478027,opt -sroa -newgvn -simplifycfg -instcombine -simplifycfg -newgvn -simplifycfg -gvn-hoist -instcombine -ipsccp -newgvn -jump-threading -newgvn -dse -nary-reassociate -memcpyopt -newgvn -correlated-propagation -simplifycfg -newgvn -mldst-motion -jump-threading input.bc -o output.bc
benchmark://cbench-v1/ispell,1.0006696802276915,56.32115340232849,opt -sroa -strip-dead-prototypes -newgvn -simplifycfg -instcombine -loop-fusion -simplifycfg -newgvn -simplifycfg -gvn-hoist -instcombine -ipsccp -newgvn -jump-threading -newgvn -break-crit-edges -simplifycfg -dse -nary-reassociate -memcpyopt -newgvn -correlated-propagation -mldst-motion -newgvn -jump-threading input.bc -o output.bc
benchmark://cbench-v1/ispell,1.0005022601707685,62.48310446739197,opt -speculative-execution -sroa -newgvn -simplifycfg -instcombine -simplifycfg -loweratomic -newgvn -simplifycfg -gvn-hoist -reg2mem -sroa -simplifycfg -instcombine -ipsccp -newgvn -jump-threading -newgvn -loop-simplifycfg -simplifycfg -correlated-propagation -dse -nary-reassociate -memcpyopt -newgvn -mldst-motion -simplifycfg input.bc -o output.bc
benchmark://cbench-v1/jpeg-c,1.022896304661033,167.0369176864624,opt -sroa -gvn -simplifycfg -instcombine -gvn-hoist -newgvn -mergefunc -simplifycfg -nary-reassociate -memcpyopt -instsimplify -mldst-motion -mldst-motion -mldst-motion -newgvn -simplifycfg -prune-eh -newgvn -mldst-motion -ipsccp -correlated-propagation -lower-expect -newgvn -simplifycfg -gvn-hoist -newgvn -slsr -newgvn -globaldce input.bc -o output.bc
benchmark://cbench-v1/jpeg-c,1.022896304661033,162.6602861881256,opt -sroa -gvn -simplifycfg -instcombine -gvn-hoist -newgvn -mergefunc -coro-early -simplifycfg -nary-reassociate -memcpyopt -instsimplify -mldst-motion -mldst-motion -mldst-motion -newgvn -simplifycfg -prune-eh -newgvn -mldst-motion -ipsccp -correlated-propagation -newgvn -simplifycfg -gvn-hoist -newgvn -slsr -newgvn -globaldce input.bc -o output.bc
benchmark://cbench-v1/jpeg-c,1.022896304661033,162.48382711410522,opt -slsr -sroa -gvn -simplifycfg -instcombine -gvn-hoist -newgvn -mergefunc -simplifycfg -nary-reassociate -memcpyopt -name-anon-globals -instsimplify -mldst-motion -mldst-motion -mldst-motion -newgvn -simplifycfg -prune-eh -newgvn -mldst-motion -ipsccp -correlated-propagation -newgvn -simplifycfg -gvn-hoist -newgvn -slsr -newgvn -globaldce input.bc -o output.bc
benchmark://cbench-v1/jpeg-c,1.022896304661033,163.83925199508667,opt -sroa -gvn -simplifycfg -instcombine -gvn-hoist -newgvn -mergefunc -simplifycfg -nary-reassociate -memcpyopt -instsimplify -mldst-motion -mldst-motion -mldst-motion -newgvn -simplifycfg -prune-eh -coro-split -newgvn -mldst-motion -ipsccp -correlated-propagation -newgvn -simplifycfg -gvn-hoist -newgvn -slsr -newgvn -globaldce input.bc -o output.bc
benchmark://cbench-v1/jpeg-c,1.0228963046610333,170.10317039489746,opt -sroa -gvn -simplifycfg -instcombine -gvn-hoist -newgvn -mergefunc -simplifycfg -nary-reassociate -memcpyopt -loop-simplify -simplifycfg -early-cse-memssa -mldst-motion -mldst-motion -mldst-motion -newgvn -simplifycfg -prune-eh -newgvn -mldst-motion -ipsccp -correlated-propagation -newgvn -simplifycfg -gvn-hoist -newgvn -slsr -newgvn -globaldce input.bc -o output.bc
benchmark://cbench-v1/jpeg-c,1.0231299404228804,163.70789122581482,opt -sroa -gvn -simplifycfg -instcombine -gvn-hoist -loweratomic -newgvn -mergefunc -simplifycfg -nary-reassociate -memcpyopt -instsimplify -mldst-motion -mldst-motion -mldst-motion -newgvn -simplifycfg -prune-eh -newgvn -memcpyopt -lower-guard-intrinsic -mldst-motion -ipsccp -correlated-propagation -newgvn -sink -simplifycfg -gvn-hoist -newgvn -slsr -newgvn -globaldce -argpromotion input.bc -o output.bc
benchmark://cbench-v1/jpeg-c,1.022896304661033,170.07374668121338,opt -sroa -gvn -simplifycfg -instcombine -gvn-hoist -newgvn -mergefunc -simplifycfg -rpo-functionattrs -lower-expect -nary-reassociate -partial-inliner -memcpyopt -instsimplify -mldst-motion -mldst-motion -mldst-motion -newgvn -simplifycfg -prune-eh -newgvn -mldst-motion -ipsccp -correlated-propagation -newgvn -simplifycfg -gvn-hoist -newgvn -slsr -newgvn -globaldce input.bc -o output.bc
benchmark://cbench-v1/jpeg-c,1.0227794867801094,184.75065994262695,opt -sroa -always-inline -gvn -simplifycfg -instcombine -gvn-hoist -newgvn -mergefunc -simplifycfg -nary-reassociate -memcpyopt -instsimplify -mldst-motion -mldst-motion -mldst-motion -newgvn -partial-inliner -simplifycfg -prune-eh -sink -newgvn -mldst-motion -ipsccp -correlated-propagation -newgvn -scalarizer -simplifycfg -gvn-hoist -newgvn -coro-early -slsr -newgvn -div-rem-pairs -globaldce -irce -newgvn -simplifycfg -correlated-propagation input.bc -o output.bc
benchmark://cbench-v1/jpeg-c,1.022896304661033,163.94377493858337,opt -sroa -gvn -simplifycfg -instcombine -gvn-hoist -newgvn -mergefunc -simplifycfg -nary-reassociate -memcpyopt -instsimplify -mldst-motion -mldst-motion -mldst-motion -newgvn -simplifycfg -prune-eh -lower-constant-intrinsics -prune-eh -newgvn -mldst-motion -ipsccp -correlated-propagation -newgvn -simplifycfg -gvn-hoist -newgvn -slsr -newgvn -coro-split -globaldce input.bc -o output.bc
benchmark://cbench-v1/jpeg-c,1.0226237296055445,161.27980875968933,opt -sroa -gvn -simplifycfg -instcombine -gvn-hoist -newgvn -mergefunc -simplifycfg -nary-reassociate -memcpyopt -instsimplify -mldst-motion -mldst-motion -mldst-motion -loop-predication -sink -newgvn -simplifycfg -correlated-propagation -globalopt -newgvn -prune-eh -newgvn -mldst-motion -ipsccp -simplifycfg -gvn-hoist -newgvn -slsr -newgvn input.bc -o output.bc
benchmark://cbench-v1/jpeg-d,1.0218300233175202,162.80999040603638,opt -sroa -gvn -simplifycfg -loop-fusion -instcombine -simplifycfg -gvn-hoist -newgvn -mergefunc -nary-reassociate -memcpyopt -instcombine -simplifycfg -div-rem-pairs -mldst-motion -mldst-motion -mldst-motion -simplifycfg -newgvn -mldst-motion -instcombine -simplifycfg -ipsccp -slsr -newgvn -globaldce -constprop -correlated-propagation -instcombine -sroa -simplifycfg -nary-reassociate input.bc -o output.bc
benchmark://cbench-v1/jpeg-d,1.0217898206963092,155.09252095222473,opt -sroa -gvn -simplifycfg -instcombine -gvn-hoist -newgvn -simplifycfg -mergefunc -nary-reassociate -memcpyopt -instcombine -mldst-motion -mldst-motion -newgvn -mldst-motion -simplifycfg -mldst-motion -ipsccp -slsr -newgvn -globaldce -gvn-hoist -correlated-propagation -simplifycfg -instcombine -simplifycfg -nary-reassociate input.bc -o output.bc
benchmark://cbench-v1/jpeg-d,1.0217898206963092,158.51034665107727,opt -sroa -gvn -simplifycfg -instcombine -gvn-hoist -newgvn -simplifycfg -mergefunc -attributor -nary-reassociate -memcpyopt -argpromotion -instcombine -mldst-motion -newgvn -insert-gcov-profiling -mldst-motion -mldst-motion -coro-early -simplifycfg -mldst-motion -lower-widenable-condition -ipsccp -slsr -newgvn -globaldce -forceattrs -gvn-hoist -correlated-propagation -simplifycfg -instcombine -simplifycfg -nary-reassociate input.bc -o output.bc
benchmark://cbench-v1/jpeg-d,1.0217898206963092,154.6300506591797,opt -sroa -gvn -simplifycfg -instcombine -gvn-hoist -newgvn -simplifycfg -mergefunc -nary-reassociate -memcpyopt -instcombine -mldst-motion -mldst-motion -newgvn -mldst-motion -simplifycfg -mldst-motion -ipsccp -slsr -newgvn -globaldce -gvn-hoist -correlated-propagation -simplifycfg -instcombine -simplifycfg -nary-reassociate input.bc -o output.bc
benchmark://cbench-v1/jpeg-d,1.0217898206963092,157.87810039520264,opt -sroa -gvn -simplifycfg -instcombine -gvn-hoist -newgvn -simplifycfg -mergefunc -nary-reassociate -memcpyopt -instcombine -mldst-motion -mldst-motion -newgvn -mldst-motion -simplifycfg -mldst-motion -ipsccp -slsr -newgvn -globaldce -gvn-hoist -correlated-propagation -simplifycfg -instcombine -simplifycfg -nary-reassociate input.bc -o output.bc
benchmark://cbench-v1/jpeg-d,1.0217898206963092,163.5455927848816,opt -sroa -gvn -simplifycfg -instcombine -gvn-hoist -newgvn -simplifycfg -mergefunc -nary-reassociate -memcpyopt -instcombine -mldst-motion -mldst-motion -newgvn -nary-reassociate -mldst-motion -simplifycfg -break-crit-edges -simplifycfg -mldst-motion -ipsccp -inject-tli-mappings -coro-split -slsr -newgvn -insert-gcov-profiling -globaldce -gvn-hoist -correlated-propagation -simplifycfg -strip-debug-declare -instcombine -simplifycfg -nary-reassociate input.bc -o output.bc
benchmark://cbench-v1/jpeg-d,1.0217898206963092,154.0655062198639,opt -sroa -gvn -simplifycfg -instcombine -gvn-hoist -newgvn -simplifycfg -mergefunc -nary-reassociate -memcpyopt -instcombine -mldst-motion -mldst-motion -newgvn -mldst-motion -simplifycfg -mldst-motion -ipsccp -slsr -newgvn -globaldce -gvn-hoist -correlated-propagation -simplifycfg -instcombine -simplifycfg -nary-reassociate input.bc -o output.bc
benchmark://cbench-v1/jpeg-d,1.02183002331752,161.41529035568237,opt -sroa -gvn -simplifycfg -canonicalize-aliases -instcombine -gvn-hoist -newgvn -simplifycfg -mergefunc -nary-reassociate -memcpyopt -instcombine -mldst-motion -mldst-motion -newgvn -mldst-motion -simplifycfg -mldst-motion -ipsccp -slsr -newgvn -globaldce -gvn-hoist -simple-loop-unswitch -newgvn -simplifycfg -correlated-propagation -instcombine -simplifycfg -nary-reassociate input.bc -o output.bc
benchmark://cbench-v1/jpeg-d,1.0217898206963092,155.45213294029236,opt -sroa -gvn -simplifycfg -instcombine -gvn-hoist -pgo-memop-opt -newgvn -simplifycfg -mergefunc -nary-reassociate -memcpyopt -instcombine -mldst-motion -mldst-motion -newgvn -mldst-motion -simplifycfg -mldst-motion -ipsccp -slsr -newgvn -insert-gcov-profiling -globaldce -gvn-hoist -correlated-propagation -simplifycfg -instcombine -simplifycfg -nary-reassociate input.bc -o output.bc
benchmark://cbench-v1/jpeg-d,1.0217898206963092,156.0222954750061,opt -sroa -gvn -simplifycfg -instcombine -gvn-hoist -newgvn -simplifycfg -prune-eh -mergefunc -nary-reassociate -memcpyopt -instcombine -mldst-motion -mldst-motion -newgvn -mldst-motion -hotcoldsplit -simplifycfg -mldst-motion -ipsccp -slsr -newgvn -globaldce -gvn-hoist -correlated-propagation -simplifycfg -inject-tli-mappings -instcombine -simplifycfg -nary-reassociate input.bc -o output.bc
benchmark://cbench-v1/lame,1.1155323029663051,167.26788115501404,opt -sroa -gvn -simplifycfg -instcombine -nary-reassociate -newgvn -simplifycfg -gvn-hoist -bdce -ipsccp -memcpyopt -instcombine -dse -mldst-motion -simplifycfg -adce -globalopt -instcombine -newgvn -simplifycfg -prune-eh -mergefunc -instcombine -jump-threading -instcombine -simplifycfg -newgvn -instcombine -globalsplit -globalopt -prune-eh -gvn-hoist -newgvn -dse input.bc -o output.bc
benchmark://cbench-v1/lame,1.115532302966305,164.133118391037,opt -sroa -gvn -simplifycfg -instcombine -nary-reassociate -newgvn -simplifycfg -gvn-hoist -dce -ipsccp -memcpyopt -bdce -dse -instcombine -mldst-motion -simplifycfg -globalopt -instcombine -newgvn -simplifycfg -prune-eh -mergefunc -instcombine -jump-threading -instcombine -simplifycfg -newgvn -instcombine -globalopt -gvn-hoist -newgvn -dse input.bc -o output.bc
benchmark://cbench-v1/lame,1.1141883459729292,148.71487617492676,opt -sroa -gvn -simplifycfg -instcombine -nary-reassociate -newgvn -loop-instsimplify -simplifycfg -instcombine -gvn-hoist -bdce -ipsccp -memcpyopt -newgvn -simplifycfg -dse -mldst-motion -loop-reroll -simplifycfg -instcombine -simplifycfg -globalopt -instcombine -newgvn -prune-eh -mergefunc -instcombine -globalopt -dse input.bc -o output.bc
benchmark://cbench-v1/lame,1.1191801862340403,159.07205843925476,opt -sroa -gvn -simplifycfg -instcombine -nary-reassociate -newgvn -simplifycfg -gvn-hoist -bdce -ipsccp -memcpyopt -instcombine -dse -loop-versioning-licm -newgvn -simplifycfg -mldst-motion -globalopt -instcombine -simplifycfg -licm -newgvn -simplifycfg -prune-eh -mergefunc -gvn-hoist -instcombine -newgvn -globalopt -dse -simplifycfg input.bc -o output.bc
benchmark://cbench-v1/lame,1.1175962369204187,160.42251658439636,opt -sroa -gvn -simplifycfg -instcombine -indvars -newgvn -mergereturn -simplifycfg -nary-reassociate -gvn-hoist -instcombine -ipsccp -memcpyopt -bdce -dse -simplifycfg -mldst-motion -newgvn -globalopt -instcombine -simplifycfg -prune-eh -newgvn -mergefunc -instsimplify -globalopt -gvn-hoist -dse -correlated-propagation -instsimplify -nary-reassociate input.bc -o output.bc
benchmark://cbench-v1/lame,1.1160122876067964,167.25811386108398,opt -sroa -nary-reassociate -gvn -simplifycfg -instcombine -newgvn -simplifycfg -gvn-hoist -bdce -bdce -nary-reassociate -ipsccp -memcpyopt -instcombine -dse -mldst-motion -insert-gcov-profiling -simplifycfg -scalarizer -globalopt -instcombine -newgvn -simplifycfg -prune-eh -mergefunc -instcombine -lower-matrix-intrinsics -jump-threading -instcombine -simplifycfg -newgvn -instcombine -globalopt -gvn-hoist -newgvn -dse input.bc -o output.bc
benchmark://cbench-v1/lame,1.107900547182491,171.84539914131165,opt -gvn -instcombine -simplifycfg -newgvn -sroa -newgvn -nary-reassociate -instcombine -simplifycfg -gvn-hoist -newgvn -ipsccp -memcpyopt -bdce -dse -globalopt -instcombine -simplifycfg -mldst-motion -simplifycfg -early-cse-memssa -newgvn -prune-eh -jump-threading -instcombine -simplifycfg -sroa -mergefunc -newgvn -globalopt -gvn-hoist -canonicalize-aliases -newgvn -dse -dce input.bc -o output.bc
benchmark://cbench-v1/lame,1.1158682922146492,172.36621642112732,opt -sroa -gvn -simplifycfg -instcombine -nary-reassociate -newgvn -simplifycfg -gvn-hoist -bdce -ipsccp -memcpyopt -instcombine -dse -mldst-motion -simplifycfg -globalopt -instcombine -newgvn -simplifycfg -prune-eh -mergefunc -instcombine -jump-threading -instcombine -simplifycfg -newgvn -instcombine -slp-vectorizer -instcombine -globalopt -gvn-hoist -newgvn -dse input.bc -o output.bc
benchmark://cbench-v1/lame,1.1155803014303542,166.15596842765808,opt -sroa -gvn -simplifycfg -instcombine -nary-reassociate -newgvn -tailcallelim -simplifycfg -gvn-hoist -alignment-from-assumptions -bdce -ipsccp -memcpyopt -instcombine -dse -mldst-motion -simplifycfg -globalopt -instcombine -newgvn -simplifycfg -prune-eh -inject-tli-mappings -mergefunc -instcombine -jump-threading -instcombine -simplifycfg -newgvn -instcombine -globalopt -gvn-hoist -newgvn -dse input.bc -o output.bc
benchmark://cbench-v1/lame,1.1155323029663051,167.29455971717834,opt -sroa -gvn -simplifycfg -instcombine -nary-reassociate -newgvn -simplifycfg -gvn-hoist -bdce -ipsccp -memcpyopt -instcombine -dse -mldst-motion -simplifycfg -globalopt -instcombine -newgvn -simplifycfg -prune-eh -mergefunc -instcombine -jump-threading -instcombine -simplifycfg -newgvn -instcombine -globalopt -gvn-hoist -newgvn -dse input.bc -o output.bc
benchmark://cbench-v1/patricia,0.9693094629156009,3.9266302585601807,opt -sroa -ipsccp -gvn -simplifycfg -reassociate -tailcallelim -jump-threading input.bc -o output.bc
benchmark://cbench-v1/patricia,0.9705882352941178,4.825629711151123,opt -sroa -simplifycfg -newgvn -sccp -ipsccp -adce -simplifycfg -newgvn -tailcallelim -newgvn -jump-threading input.bc -o output.bc
benchmark://cbench-v1/patricia,0.9693094629156009,3.8992760181427,opt -correlated-propagation -sroa -ipsccp -gvn -simplifycfg -reassociate -tailcallelim -jump-threading input.bc -o output.bc
benchmark://cbench-v1/patricia,0.9693094629156009,3.912933349609375,opt -sroa -ipsccp -gvn -simplifycfg -separate-const-offset-from-gep -reassociate -tailcallelim -jump-threading input.bc -o output.bc
benchmark://cbench-v1/patricia,0.9693094629156009,4.404894113540649,opt -sroa -ipsccp -gvn -simplifycfg -reassociate -tailcallelim -lcssa -newgvn -jump-threading input.bc -o output.bc
benchmark://cbench-v1/patricia,0.9693094629156009,3.931546211242676,opt -sroa -ipsccp -gvn -simplifycfg -reassociate -tailcallelim -jump-threading input.bc -o output.bc
benchmark://cbench-v1/patricia,0.9693094629156009,3.909588575363159,opt -sroa -ipsccp -gvn -simplifycfg -reassociate -tailcallelim -jump-threading input.bc -o output.bc
benchmark://cbench-v1/patricia,0.9705882352941176,5.27163028717041,opt -simplifycfg -loop-versioning-licm -loop-deletion -sroa -ipsccp -newgvn -simplifycfg -newgvn -newgvn -simplifycfg -tailcallelim -reassociate -jump-threading input.bc -o output.bc
benchmark://cbench-v1/patricia,0.9693094629156009,3.8775691986083984,opt -sroa -ipsccp -gvn -simplifycfg -reassociate -tailcallelim -jump-threading input.bc -o output.bc
benchmark://cbench-v1/patricia,0.9693094629156009,3.929682970046997,opt -sroa -ipsccp -gvn -simplifycfg -reassociate -tailcallelim -jump-threading input.bc -o output.bc
benchmark://cbench-v1/qsort,1.029197080291971,3.5581681728363037,opt -sroa -gvn -simplifycfg -instcombine -newgvn -coro-elide -simplifycfg -gvn-hoist input.bc -o output.bc
benchmark://cbench-v1/qsort,0.9744525547445256,3.591317653656006,opt -sroa -gvn -simplifycfg -loop-rotate -instcombine -deadargelim -div-rem-pairs -simplifycfg -newgvn -barrier -gvn-hoist input.bc -o output.bc
benchmark://cbench-v1/qsort,1.029197080291971,3.514180898666382,opt -sroa -gvn -simplifycfg -instcombine -newgvn -simplifycfg -gvn-hoist input.bc -o output.bc
benchmark://cbench-v1/qsort,1.029197080291971,3.069769859313965,opt -sroa -gvn -simplifycfg -instcombine -gvn-hoist -newgvn -simplifycfg input.bc -o output.bc
benchmark://cbench-v1/qsort,1.029197080291971,3.5526814460754395,opt -sroa -gvn -simplifycfg -instcombine -newgvn -simplifycfg -strip-dead-prototypes -gvn-hoist input.bc -o output.bc
benchmark://cbench-v1/qsort,1.029197080291971,3.538724899291992,opt -sroa -gvn -simplifycfg -instcombine -newgvn -simplifycfg -gvn-hoist input.bc -o output.bc
benchmark://cbench-v1/qsort,1.029197080291971,3.5244412422180176,opt -sroa -barrier -gvn -simplifycfg -instcombine -newgvn -simplifycfg -hotcoldsplit -gvn-hoist input.bc -o output.bc
benchmark://cbench-v1/qsort,1.029197080291971,3.529522657394409,opt -sroa -gvn -simplifycfg -instcombine -newgvn -bdce -simplifycfg -gvn-hoist input.bc -o output.bc
benchmark://cbench-v1/qsort,1.029197080291971,3.5224571228027344,opt -sroa -gvn -simplifycfg -instcombine -newgvn -simplifycfg -gvn-hoist input.bc -o output.bc
benchmark://cbench-v1/qsort,1.0145985401459854,3.466933250427246,opt -loop-load-elim -sroa -gvn -simplifycfg -instcombine -newgvn -simplifycfg -gvn-hoist input.bc -o output.bc
benchmark://cbench-v1/rijndael,1.1151767151767153,8.526031732559204,opt -sroa -instcombine -gvn -simplifycfg -instcombine -jump-threading -newgvn -gvn-hoist -instcombine input.bc -o output.bc
benchmark://cbench-v1/rijndael,1.1151767151767153,9.324137210845947,opt -sroa -instcombine -gvn -simplifycfg -instcombine -gvn-hoist -newgvn -jump-threading -instcombine input.bc -o output.bc
benchmark://cbench-v1/rijndael,1.1151767151767153,9.431487083435059,opt -sroa -instcombine -gvn -simplifycfg -instcombine -gvn-hoist -newgvn -jump-threading -instcombine input.bc -o output.bc
benchmark://cbench-v1/rijndael,1.1151767151767153,9.38455605506897,opt -sroa -instcombine -gvn -simplifycfg -instcombine -gvn-hoist -slsr -newgvn -jump-threading -instcombine -die input.bc -o output.bc
benchmark://cbench-v1/rijndael,1.1151767151767153,9.348448514938354,opt -sroa -instcombine -gvn -mergereturn -simplifycfg -instcombine -gvn-hoist -newgvn -jump-threading -pgo-memop-opt -instcombine input.bc -o output.bc
benchmark://cbench-v1/rijndael,1.1151767151767153,9.432142496109009,opt -sroa -pgo-memop-opt -instcombine -gvn -simplifycfg -instcombine -gvn-hoist -newgvn -jump-threading -instcombine input.bc -o output.bc
benchmark://cbench-v1/rijndael,1.1151767151767151,12.2704598903656,opt -sroa -instcombine -gvn -simplifycfg -die -loop-interchange -reassociate -memcpyopt -instcombine -simplifycfg -gvn-hoist -newgvn -jump-threading -instcombine -loop-load-elim -simple-loop-unswitch -simplifycfg -newgvn input.bc -o output.bc
benchmark://cbench-v1/rijndael,1.1151767151767153,9.399054765701294,opt -sroa -instcombine -gvn -simplifycfg -alignment-from-assumptions -lower-matrix-intrinsics -instcombine -gvn-hoist -newgvn -jump-threading -instcombine input.bc -o output.bc
benchmark://cbench-v1/rijndael,1.1151767151767153,9.413830041885376,opt -sroa -instcombine -gvn -simplifycfg -instcombine -gvn-hoist -newgvn -jump-threading -instcombine input.bc -o output.bc
benchmark://cbench-v1/rijndael,1.1151767151767153,9.393671989440918,opt -sroa -instcombine -gvn -simplifycfg -mergereturn -instcombine -gvn-hoist -flattencfg -newgvn -jump-threading -instcombine input.bc -o output.bc
benchmark://cbench-v1/sha,1.553191489361702,3.252039909362793,opt -sroa -gvn -simplifycfg -instcombine -add-discriminators -newgvn -ipsccp input.bc -o output.bc
benchmark://cbench-v1/sha,1.553191489361702,3.23064923286438,opt -sroa -gvn -simplifycfg -instcombine -newgvn -ipsccp input.bc -o output.bc
benchmark://cbench-v1/sha,1.548936170212766,4.220396995544434,opt -sroa -gvn -simplifycfg -instcombine -functionattrs -licm -newgvn -simplifycfg -ipsccp -loop-simplify -simplifycfg input.bc -o output.bc
benchmark://cbench-v1/sha,1.553191489361702,4.221415758132935,opt -strip -sroa -strip-debug-declare -gvn -simplifycfg -reg2mem -sroa -instcombine -simplifycfg -newgvn -ipsccp input.bc -o output.bc
benchmark://cbench-v1/sha,1.553191489361702,3.221076726913452,opt -sroa -gvn -simplifycfg -instcombine -newgvn -ipsccp -canonicalize-aliases input.bc -o output.bc
benchmark://cbench-v1/sha,1.553191489361702,3.246673583984375,opt -sroa -gvn -simplifycfg -instcombine -newgvn -ipsccp input.bc -o output.bc
benchmark://cbench-v1/sha,1.553191489361702,3.227952480316162,opt -sroa -gvn -simplifycfg -constmerge -instcombine -newgvn -ipsccp input.bc -o output.bc
benchmark://cbench-v1/sha,1.557446808510638,3.208369731903076,opt -sroa -gvn -simplifycfg -instcombine -memcpyopt -newgvn -coro-split -ipsccp input.bc -o output.bc
benchmark://cbench-v1/sha,1.553191489361702,3.2176291942596436,opt -sroa -gvn -simplifycfg -instcombine -newgvn -ipsccp input.bc -o output.bc
benchmark://cbench-v1/sha,1.553191489361702,3.220510244369507,opt -sroa -forceattrs -gvn -simplifycfg -instcombine -newgvn -ipsccp input.bc -o output.bc
benchmark://cbench-v1/stringsearch,1.0143149284253579,4.852210521697998,opt -sroa -newgvn -simplifycfg -instcombine -jump-threading -partial-inliner -newgvn -gvn-hoist -newgvn input.bc -o output.bc
benchmark://cbench-v1/stringsearch,1.0143149284253579,4.825301647186279,opt -sroa -newgvn -simplifycfg -ee-instrument -instcombine -jump-threading -newgvn -gvn-hoist -newgvn input.bc -o output.bc
benchmark://cbench-v1/stringsearch,1.0143149284253579,4.837324857711792,opt -sroa -newgvn -simplifycfg -instcombine -jump-threading -newgvn -gvn-hoist -newgvn input.bc -o output.bc
benchmark://cbench-v1/stringsearch,1.0143149284253579,4.83894157409668,opt -sroa -newgvn -simplifycfg -instcombine -jump-threading -newgvn -gvn-hoist -newgvn input.bc -o output.bc
benchmark://cbench-v1/stringsearch,1.0143149284253579,4.832793951034546,opt -sroa -newgvn -simplifycfg -instcombine -jump-threading -newgvn -gvn-hoist -newgvn input.bc -o output.bc
benchmark://cbench-v1/stringsearch,1.0122699386503067,6.490794897079468,opt -sroa -newgvn -simplifycfg -instcombine -jump-threading -loop-deletion -gvn -simplifycfg -gvn-hoist -newgvn -loop-unswitch -instcombine -simplifycfg input.bc -o output.bc
benchmark://cbench-v1/stringsearch,1.0143149284253579,4.842012643814087,opt -sroa -newgvn -simplifycfg -instcombine -jump-threading -newgvn -gvn-hoist -newgvn input.bc -o output.bc
benchmark://cbench-v1/stringsearch,1.0143149284253579,4.311517715454102,opt -sroa -newgvn -simplifycfg -instcombine -jump-threading -newgvn -gvn-hoist -bdce input.bc -o output.bc
benchmark://cbench-v1/stringsearch,1.0143149284253579,4.877126693725586,opt -sroa -newgvn -simplifycfg -instcombine -jump-threading -newgvn -gvn-hoist -newgvn input.bc -o output.bc
benchmark://cbench-v1/stringsearch,1.0143149284253579,4.864404916763306,opt -sroa -newgvn -simplifycfg -instcombine -jump-threading -pgo-memop-opt -ee-instrument -newgvn -gvn-hoist -newgvn input.bc -o output.bc
benchmark://cbench-v1/stringsearch2,0.9742268041237113,2.238586187362671,opt -sroa -gvn -simplifycfg -instcombine input.bc -o output.bc
benchmark://cbench-v1/stringsearch2,0.9742268041237113,2.196035623550415,opt -sroa -gvn -simplifycfg -instcombine input.bc -o output.bc
benchmark://cbench-v1/stringsearch2,0.9742268041237113,2.195099115371704,opt -sroa -gvn -simplifycfg -instcombine input.bc -o output.bc
benchmark://cbench-v1/stringsearch2,0.9742268041237113,2.6221635341644287,opt -sroa -gvn -simplifycfg -loop-reroll -instcombine -simplifycfg input.bc -o output.bc
benchmark://cbench-v1/stringsearch2,0.9742268041237113,2.192682981491089,opt -sroa -mergereturn -gvn -infer-address-spaces -name-anon-globals -simplifycfg -newgvn -instcombine input.bc -o output.bc
benchmark://cbench-v1/stringsearch2,0.9742268041237113,2.186244487762451,opt -sroa -gvn -simplifycfg -instcombine input.bc -o output.bc
benchmark://cbench-v1/stringsearch2,0.9742268041237113,2.2214152812957764,opt -sroa -gvn -simplifycfg -instcombine -post-inline-ee-instrument input.bc -o output.bc
benchmark://cbench-v1/stringsearch2,0.9742268041237113,2.1809301376342773,opt -sroa -gvn -simplifycfg -instcombine input.bc -o output.bc
benchmark://cbench-v1/stringsearch2,0.9742268041237113,2.1874279975891113,opt -sroa -gvn -simplifycfg -instcombine input.bc -o output.bc
benchmark://cbench-v1/stringsearch2,0.9742268041237113,2.164578437805176,opt -lower-guard-intrinsic -sroa -gvn -simplifycfg -instcombine input.bc -o output.bc
benchmark://cbench-v1/susan,1.0062154696132597,21.237401962280273,opt -sroa -newgvn -instcombine -simplifycfg -nary-reassociate -slsr -nary-reassociate -gvn-hoist -newgvn -instcombine -simplifycfg -coro-early -gvn-hoist -newgvn -newgvn -mldst-motion -simplifycfg input.bc -o output.bc
benchmark://cbench-v1/susan,1.0073204419889503,21.022145748138428,opt -sroa -licm -newgvn -instcombine -simplifycfg -nary-reassociate -gvn-hoist -slsr -nary-reassociate -newgvn -instcombine -simplifycfg -newgvn -newgvn -mldst-motion -simplifycfg -gvn-hoist input.bc -o output.bc
benchmark://cbench-v1/susan,1.002900552486188,24.97674560546875,opt -sroa -newgvn -instcombine -simplifycfg -nary-reassociate -slsr -nary-reassociate -gvn-hoist -loop-simplify -simplifycfg -newgvn -instcombine -simplifycfg -gvn-hoist -newgvn -newgvn -mldst-motion -lowerswitch -simplifycfg -instcombine -simplifycfg input.bc -o output.bc
benchmark://cbench-v1/susan,1.0040055248618784,21.214195251464844,opt -sroa -lowerswitch -newgvn -instcombine -simplifycfg -nary-reassociate -slsr -nary-reassociate -gvn-hoist -newgvn -instcombine -simplifycfg -gvn-hoist -newgvn -newgvn -mldst-motion -simplifycfg input.bc -o output.bc
benchmark://cbench-v1/susan,1.0062154696132597,23.505887031555176,opt -irce -sroa -newgvn -instcombine -simplifycfg -nary-reassociate -slsr -nary-reassociate -gvn-hoist -newgvn -instcombine -simplifycfg -gvn-hoist -newgvn -newgvn -loop-versioning-licm -newgvn -simplifycfg -mldst-motion -simplifycfg input.bc -o output.bc
benchmark://cbench-v1/susan,1.0062154696132597,20.977452278137207,opt -sroa -newgvn -instcombine -simplifycfg -nary-reassociate -slsr -nary-reassociate -globalopt -mem2reg -gvn-hoist -flattencfg -newgvn -guard-widening -instcombine -simplifycfg -gvn-hoist -newgvn -newgvn -mldst-motion -simplifycfg input.bc -o output.bc
benchmark://cbench-v1/susan,1.0062154696132597,21.33326506614685,opt -sroa -newgvn -instcombine -simplifycfg -nary-reassociate -slsr -nary-reassociate -gvn-hoist -newgvn -instcombine -simplifycfg -gvn-hoist -newgvn -newgvn -mldst-motion -simplifycfg input.bc -o output.bc
benchmark://cbench-v1/susan,1.0062154696132595,22.355042695999146,opt -sroa -newgvn -instcombine -simplifycfg -nary-reassociate -mem2reg -slsr -nary-reassociate -gvn-hoist -newgvn -instcombine -simplifycfg -gvn-hoist -newgvn -newgvn -mldst-motion -loop-versioning-licm -newgvn -simplifycfg input.bc -o output.bc
benchmark://cbench-v1/susan,1.0062154696132597,23.273910999298096,opt -sroa -newgvn -instcombine -simplifycfg -nary-reassociate -slsr -nary-reassociate -gvn-hoist -globalopt -newgvn -instcombine -simplifycfg -gvn-hoist -newgvn -newgvn -irce -newgvn -simplifycfg -mldst-motion -simplifycfg input.bc -o output.bc
benchmark://cbench-v1/susan,1.0062154696132597,21.12042999267578,opt -sroa -newgvn -instcombine -simplifycfg -nary-reassociate -slsr -nary-reassociate -gvn-hoist -newgvn -instcombine -simplifycfg -gvn-hoist -newgvn -newgvn -correlated-propagation -mldst-motion -simplifycfg input.bc -o output.bc
benchmark://cbench-v1/tiff2bw,1.004535996670828,150.02621173858643,opt -sroa -gvn -simplifycfg -instcombine -newgvn -simplifycfg -gvn-hoist -instcombine -ipsccp -simplifycfg -slp-vectorizer -newgvn -mldst-motion -gvn -tailcallelim -simplifycfg -lower-constant-intrinsics -newgvn -memcpyopt -instcombine -prune-eh -nary-reassociate -mergefunc input.bc -o output.bc
benchmark://cbench-v1/tiff2bw,1.004369538077403,147.0981001853943,opt -sroa -gvn -simplifycfg -instcombine -newgvn -simplifycfg -gvn-hoist -instcombine -ipsccp -simplifycfg -slp-vectorizer -newgvn -mldst-motion -gvn -simplifycfg -memcpyopt -instcombine -prune-eh -newgvn -nary-reassociate -mergefunc input.bc -o output.bc
benchmark://cbench-v1/tiff2bw,1.0043695380774031,140.48020720481873,opt -sroa -gvn -simplifycfg -instcombine -newgvn -simplifycfg -gvn-hoist -instcombine -ipsccp -simplifycfg -slp-vectorizer -mldst-motion -newgvn -memcpyopt -instcombine -gvn -simplifycfg -prune-eh -newgvn -nary-reassociate -mergefunc input.bc -o output.bc
benchmark://cbench-v1/tiff2bw,0.9884727424053266,154.1393620967865,opt -partial-inliner -sroa -gvn -simplifycfg -instcombine -newgvn -loop-reduce -simplifycfg -instcombine -newgvn -gvn-hoist -instcombine -simplifycfg -ipsccp -loop-versioning-licm -instcombine -simplifycfg -mldst-motion -newgvn -memcpyopt -instcombine -prune-eh -nary-reassociate -strip-nondebug -mergefunc -simplifycfg input.bc -o output.bc
benchmark://cbench-v1/tiff2bw,1.004369538077403,140.4969711303711,opt -sroa -gvn -simplifycfg -instcombine -newgvn -simplifycfg -gvn-hoist -sroa -instcombine -lower-widenable-condition -ipsccp -simplifycfg -slp-vectorizer -newgvn -mldst-motion -gvn -simplifycfg -memcpyopt -instcombine -prune-eh -newgvn -nary-reassociate -libcalls-shrinkwrap -mergefunc input.bc -o output.bc
benchmark://cbench-v1/tiff2bw,1.0035372451102786,154.5895640850067,opt -globalopt -sroa -gvn -simplifycfg -instcombine -loop-load-elim -simplifycfg -newgvn -gvn-hoist -instcombine -simplifycfg -ipsccp -slp-vectorizer -newgvn -mldst-motion -simplifycfg -gvn -simplifycfg -memcpyopt -instcombine -prune-eh -newgvn -nary-reassociate -mergefunc input.bc -o output.bc
benchmark://cbench-v1/tiff2bw,1.0035372451102784,166.6245219707489,opt -sroa -gvn -simplifycfg -instcombine -newgvn -simplifycfg -gvn-hoist -instcombine -ipsccp -simplifycfg -slp-vectorizer -newgvn -mldst-motion -gvn -simplifycfg -memcpyopt -instcombine -prune-eh -newgvn -loop-sink -instcombine -simplifycfg -sink -newgvn -nary-reassociate -mergefunc input.bc -o output.bc
benchmark://cbench-v1/tiff2bw,1.0012068248023298,150.62344455718994,opt -sroa -gvn -callsite-splitting -simplifycfg -attributor -instcombine -newgvn -simplifycfg -gvn-hoist -instcombine -ipsccp -libcalls-shrinkwrap -simplifycfg -slp-vectorizer -newgvn -adce -constmerge -mldst-motion -gvn -simplifycfg -memcpyopt -correlated-propagation -instcombine -simplifycfg -prune-eh -newgvn -nary-reassociate -mergefunc input.bc -o output.bc
benchmark://cbench-v1/tiff2bw,1.004369538077403,144.84855127334595,opt -sroa -gvn -simplifycfg -instcombine -newgvn -simplifycfg -gvn-hoist -instcombine -ipsccp -simplifycfg -slp-vectorizer -aggressive-instcombine -newgvn -mldst-motion -gvn -simplifycfg -memcpyopt -instcombine -prune-eh -newgvn -nary-reassociate -mergefunc input.bc -o output.bc
benchmark://cbench-v1/tiff2bw,1.003995006242197,154.96046471595764,opt -sroa -slp-vectorizer -strip-dead-prototypes -gvn -simplifycfg -instcombine -mergeicmps -newgvn -simplifycfg -gvn-hoist -instcombine -ipsccp -simplifycfg -gvn -simplifycfg -mldst-motion -newgvn -memcpyopt -instcombine -prune-eh -nary-reassociate -mergefunc -simplifycfg -die -newgvn -simplifycfg input.bc -o output.bc
benchmark://cbench-v1/tiff2rgba,1.0079806125433504,140.1571226119995,opt -coro-early -licm -sroa -gvn -simplifycfg -instcombine -newgvn -bdce -simplifycfg -gvn-hoist -instcombine -ipsccp -simplifycfg -mldst-motion -newgvn -memcpyopt -instcombine -ee-instrument -nary-reassociate -mergefunc -simplifycfg -newgvn -simplifycfg input.bc -o output.bc
benchmark://cbench-v1/tiff2rgba,1.0043036811097648,169.4242286682129,opt -sroa -gvn -simplifycfg -instcombine -newgvn -simplifycfg -gvn-hoist -instcombine -ipsccp -simplifycfg -float2int -slp-vectorizer -newgvn -mldst-motion -loop-simplifycfg -instcombine -simplifycfg -gvn -simplifycfg -memcpyopt -forceattrs -instcombine -lower-constant-intrinsics -nary-reassociate -mergefunc -gvn-hoist -simplifycfg -newgvn -simplifycfg -attributor input.bc -o output.bc
benchmark://cbench-v1/tiff2rgba,1.0023816487694814,151.39407300949097,opt -sroa -gvn -simplifycfg -instcombine -newgvn -simplifycfg -correlated-propagation -gvn-hoist -instcombine -simplifycfg -ipsccp -slp-vectorizer -newgvn -mldst-motion -simplifycfg -newgvn -memcpyopt -instcombine -nary-reassociate -correlated-propagation -simplifycfg -newgvn -simplifycfg -alignment-from-assumptions -mergefunc input.bc -o output.bc
benchmark://cbench-v1/tiff2rgba,1.0051393473446708,164.57986044883728,opt -sroa -gvn -simplifycfg -instcombine -newgvn -simplifycfg -gvn-hoist -instcombine -ipsccp -simplifycfg -slp-vectorizer -newgvn -mldst-motion -coro-split -gvn -simplifycfg -memcpyopt -instcombine -newgvn -nary-reassociate -mergefunc -gvn-hoist -simplifycfg -newgvn -simplifycfg -die input.bc -o output.bc
benchmark://cbench-v1/tiff2rgba,1.0051393473446708,165.66000533103943,opt -sroa -gvn -simplifycfg -instcombine -newgvn -simplifycfg -gvn-hoist -instcombine -mem2reg -ipsccp -simplifycfg -attributor -slp-vectorizer -newgvn -mldst-motion -gvn -simplifycfg -memcpyopt -instcombine -newgvn -nary-reassociate -mergefunc -gvn-hoist -simplifycfg -newgvn -simplifycfg input.bc -o output.bc
benchmark://cbench-v1/tiff2rgba,1.0051393473446708,164.64863204956055,opt -sroa -gvn -simplifycfg -instcombine -newgvn -simplifycfg -gvn-hoist -instcombine -ipsccp -simplifycfg -slp-vectorizer -newgvn -mldst-motion -gvn -simplifycfg -memcpyopt -instcombine -newgvn -nary-reassociate -mergefunc -gvn-hoist -simplifycfg -newgvn -simplifycfg input.bc -o output.bc
benchmark://cbench-v1/tiff2rgba,1.0054736138386327,170.99662113189697,opt -sroa -gvn -simplifycfg -instcombine -inline -newgvn -simplifycfg -gvn-hoist -instcombine -ipsccp -loop-unroll-and-jam -instcombine -simplifycfg -slp-vectorizer -newgvn -mldst-motion -functionattrs -newgvn -memcpyopt -instcombine -gvn-hoist -nary-reassociate -mergefunc -gvn -simplifycfg -newgvn -gvn-hoist -simplifycfg input.bc -o output.bc
benchmark://cbench-v1/tiff2rgba,1.0051393473446708,163.80334520339966,opt -sroa -gvn -simplifycfg -instcombine -newgvn -simplifycfg -gvn-hoist -instcombine -ipsccp -simplifycfg -slp-vectorizer -newgvn -mldst-motion -gvn -simplifycfg -memcpyopt -instcombine -constmerge -newgvn -nary-reassociate -mergefunc -gvn-hoist -simplifycfg -newgvn -simplifycfg input.bc -o output.bc
benchmark://cbench-v1/tiff2rgba,1.0042618977980196,169.33936262130737,opt -sroa -gvn -simplifycfg -instcombine -newgvn -simplifycfg -gvn-hoist -instcombine -ipsccp -simplifycfg -slp-vectorizer -newgvn -mldst-motion -gvn -simplifycfg -memcpyopt -instcombine -newgvn -nary-reassociate -mergefunc -name-anon-globals -gvn-hoist -loop-versioning-licm -instcombine -simplifycfg -newgvn -simplifycfg input.bc -o output.bc
benchmark://cbench-v1/tiff2rgba,1.0044708143567458,172.3550157546997,opt -loop-guard-widening -sroa -gvn -simplifycfg -instcombine -newgvn -loop-simplifycfg -instcombine -simplifycfg -gvn-hoist -instcombine -ipsccp -simplifycfg -gvn -simplifycfg -slp-vectorizer -newgvn -mldst-motion -newgvn -memcpyopt -instcombine -nary-reassociate -mergefunc -gvn-hoist -simplifycfg -newgvn -simplifycfg input.bc -o output.bc
benchmark://cbench-v1/tiffdither,1.00364245342265,182.47542238235474,opt -sroa -loop-unroll-and-jam -gvn -simplifycfg -instcombine -newgvn -simplifycfg -gvn-hoist -instcombine -ipsccp -simplifycfg -slp-vectorizer -newgvn -mldst-motion -newgvn -memcpyopt -instcombine -prune-eh -gvn -simplifycfg -newgvn -nary-reassociate -coro-elide -mergefunc -gvn-hoist -simplifycfg -newgvn -sancov -simplifycfg input.bc -o output.bc
benchmark://cbench-v1/tiffdither,1.0046054008792127,179.6926872730255,opt -sroa -gvn -loop-distribute -simplifycfg -instcombine -newgvn -simplifycfg -gvn-hoist -instcombine -coro-early -ipsccp -simplifycfg -slp-vectorizer -simplifycfg -newgvn -mldst-motion -newgvn -memcpyopt -instcombine -prune-eh -gvn -simplifycfg -newgvn -nary-reassociate -mergefunc -gvn-hoist -simplifycfg -newgvn -simplifycfg input.bc -o output.bc
benchmark://cbench-v1/tiffdither,1.0046054008792127,181.03862118721008,opt -sroa -gvn -simplifycfg -float2int -instcombine -newgvn -simplifycfg -gvn-hoist -instcombine -ipsccp -simplifycfg -slp-vectorizer -newgvn -mldst-motion -newgvn -memcpyopt -instcombine -prune-eh -gvn -simplifycfg -newgvn -nary-reassociate -mergefunc -gvn-hoist -simplifycfg -newgvn -simplifycfg input.bc -o output.bc
benchmark://cbench-v1/tiffdither,1.0038099225455306,152.89263606071472,opt -sroa -gvn -simplifycfg -instcombine -newgvn -simplifycfg -gvn-hoist -instcombine -ipsccp -simplifycfg -load-store-vectorizer -instcombine -gvn -slp-vectorizer -instcombine -bdce -simplifycfg -gvn-hoist -mldst-motion -newgvn -prune-eh -instcombine -simplifycfg -nary-reassociate -mergefunc -loop-versioning input.bc -o output.bc
benchmark://cbench-v1/tiffdither,1.001507222105924,206.75270867347717,opt -sroa -gvn -simplifycfg -instcombine -newgvn -simplifycfg -gvn-hoist -instcombine -ipsccp -simplifycfg -slp-vectorizer -newgvn -mldst-motion -newgvn -memcpyopt -instcombine -prune-eh -gvn -simplifycfg -newgvn -nary-reassociate -mergefunc -scalarizer -slp-vectorizer -instsimplify -gvn-hoist -simplifycfg -newgvn -correlated-propagation -instcombine -simplifycfg -newgvn input.bc -o output.bc
benchmark://cbench-v1/tiffdither,1.0046054008792127,181.0861098766327,opt -sroa -gvn -simplifycfg -instcombine -newgvn -simplifycfg -inline -gvn-hoist -instcombine -ipsccp -simplifycfg -slp-vectorizer -newgvn -mldst-motion -newgvn -memcpyopt -instcombine -prune-eh -gvn -simplifycfg -newgvn -nary-reassociate -mergefunc -gvn-hoist -simplifycfg -newgvn -simplifycfg input.bc -o output.bc
benchmark://cbench-v1/tiffdither,1.0074523759681808,152.34258794784546,opt -licm -sroa -gvn -simplifycfg -instcombine -newgvn -bdce -simplifycfg -callsite-splitting -gvn-hoist -instcombine -ipsccp -simplifycfg -mldst-motion -newgvn -memcpyopt -instcombine -loop-versioning -prune-eh -nary-reassociate -loop-interchange -instcombine -simplifycfg -newgvn -simplifycfg -mergefunc input.bc -o output.bc
benchmark://cbench-v1/tiffdither,1.0046054008792127,181.79122877120972,opt -sroa -gvn -simplifycfg -instcombine -newgvn -simplifycfg -gvn-hoist -instcombine -ipsccp -consthoist -simplifycfg -slp-vectorizer -newgvn -mldst-motion -newgvn -memcpyopt -instcombine -strip-debug-declare -prune-eh -gvn -loop-distribute -simplifycfg -newgvn -nary-reassociate -pgo-memop-opt -mergefunc -gvn-hoist -simplifycfg -newgvn -simplifycfg input.bc -o output.bc
benchmark://cbench-v1/tiffdither,1.0046054008792127,179.61281037330627,opt -sroa -gvn -simplifycfg -instcombine -newgvn -simplifycfg -gvn-hoist -instcombine -ipsccp -simplifycfg -slp-vectorizer -newgvn -separate-const-offset-from-gep -mldst-motion -newgvn -lower-expect -memcpyopt -instcombine -prune-eh -gvn -simplifycfg -newgvn -nary-reassociate -mergefunc -gvn-hoist -simplifycfg -newgvn -simplifycfg input.bc -o output.bc
benchmark://cbench-v1/tiffdither,1.00343311701905,160.62122535705566,opt -sroa -gvn -forceattrs -simplifycfg -loop-load-elim -instcombine -simplifycfg -float2int -newgvn -mergefunc -gvn-hoist -instcombine -simplifycfg -ipsccp -slp-vectorizer -newgvn -mldst-motion -indvars -instcombine -simplifycfg -gvn -simplifycfg -memcpyopt -instcombine -nary-reassociate -gvn-hoist -simplifycfg -prune-eh input.bc -o output.bc
benchmark://cbench-v1/tiffmedian,1.0029028153332273,156.72716856002808,opt -sroa -gvn -simplifycfg -instcombine -newgvn -simplifycfg -gvn-hoist -instcombine -ipsccp -strip-dead-prototypes -simplifycfg -slp-vectorizer -newgvn -mldst-motion -newgvn -memcpyopt -instcombine -prune-eh -nary-reassociate -mergefunc -simplifycfg -newgvn -simplifycfg input.bc -o output.bc
benchmark://cbench-v1/tiffmedian,1.002743756958804,125.29713702201843,opt -sroa -gvn -simplifycfg -instcombine -strip-debug-declare -newgvn -mldst-motion -simplifycfg -gvn-hoist -instcombine -ipsccp -simplifycfg -globaldce -slp-vectorizer -newgvn -memcpyopt -strip-debug-declare -instcombine -prune-eh -nary-reassociate -mergefunc input.bc -o output.bc
benchmark://cbench-v1/tiffmedian,0.9846508668681409,177.36504006385803,opt -sroa -gvn -simplifycfg -instcombine -loop-rotate -simplifycfg -newgvn -gvn-hoist -instcombine -simplifycfg -ipsccp -slp-vectorizer -newgvn -simplifycfg -instcombine -mldst-motion -newgvn -memcpyopt -instcombine -prune-eh -loop-unroll-and-jam -simplifycfg -newgvn -libcalls-shrinkwrap -nary-reassociate -simplifycfg -mergefunc input.bc -o output.bc
benchmark://cbench-v1/tiffmedian,0.9873548592333389,183.290344953537,opt -sroa -gvn -simplifycfg -instcombine -newgvn -simplifycfg -gvn-hoist -instcombine -ipsccp -simplifycfg -loop-reduce -simplifycfg -instcombine -newgvn -simplifycfg -mldst-motion -barrier -newgvn -memcpyopt -instcombine -gvn-hoist -prune-eh -nary-reassociate -mergefunc -simplifycfg -coro-early -deadargelim -instsimplify -simplifycfg input.bc -o output.bc
benchmark://cbench-v1/tiffmedian,1.0029028153332273,158.110027551651,opt -sroa -attributor -gvn -simplifycfg -instcombine -newgvn -simplifycfg -gvn-hoist -instcombine -ipsccp -simplifycfg -slp-vectorizer -newgvn -mldst-motion -newgvn -memcpyopt -instcombine -prune-eh -nary-reassociate -mergefunc -simplifycfg -callsite-splitting -newgvn -slp-vectorizer -simplifycfg input.bc -o output.bc
benchmark://cbench-v1/tiffmedian,1.0038174009861622,156.45879292488098,opt -sroa -gvn -simplifycfg -instcombine -newgvn -gvn -simplifycfg -gvn-hoist -instcombine -ipsccp -adce -simplifycfg -slp-vectorizer -newgvn -mldst-motion -newgvn -memcpyopt -instcombine -prune-eh -nary-reassociate -mergefunc -simplifycfg -newgvn -lower-guard-intrinsic -simplifycfg input.bc -o output.bc
benchmark://cbench-v1/tiffmedian,1.0027437569588038,138.8569803237915,opt -sroa -gvn -simplifycfg -instcombine -newgvn -simplifycfg -gvn-hoist -instcombine -simplifycfg -ipsccp -slp-vectorizer -newgvn -mldst-motion -simplifycfg -newgvn -slp-vectorizer -memcpyopt -instcombine -prune-eh -nary-reassociate -mergefunc input.bc -o output.bc
benchmark://cbench-v1/tiffmedian,1.0029028153332273,158.62155079841614,opt -sroa -gvn -simplifycfg -instcombine -newgvn -simplifycfg -gvn-hoist -instcombine -ipsccp -simplifycfg -slp-vectorizer -newgvn -mldst-motion -newgvn -memcpyopt -instcombine -prune-eh -nary-reassociate -mergefunc -simplifycfg -newgvn -simplifycfg input.bc -o output.bc
benchmark://cbench-v1/tiffmedian,1.002147288054716,164.67037558555603,opt -sroa -gvn -simplifycfg -instcombine -newgvn -simplifycfg -gvn-hoist -instcombine -ipsccp -loop-load-elim -simplifycfg -slp-vectorizer -newgvn -instcombine -mldst-motion -newgvn -memcpyopt -instcombine -prune-eh -nary-reassociate -mergefunc -simplifycfg -newgvn -simplifycfg input.bc -o output.bc
benchmark://cbench-v1/tiffmedian,1.0090265627485289,180.88373947143555,opt -sroa -always-inline -gvn -simplifycfg -instcombine -newgvn -simplifycfg -gvn-hoist -instcombine -ipsccp -simplifycfg -slp-vectorizer -newgvn -mldst-motion -newgvn -memcpyopt -instcombine -prune-eh -nary-reassociate -mergefunc -simplifycfg -newgvn -simplifycfg -licm -newgvn -simplifycfg -strip-dead-prototypes -instcombine input.bc -o output.bc
